[{"version": "v3.22.1"}, {"version": "v3.22.0"}, {"version": "v3.21.1"}, {"version": "v3.21.0"}, {"version": "v3.20.3"}, {"version": "v3.20.2"}, {"version": "v3.20.1"}, {"version": "v3.20.0"}, {"version": "v3.19.1"}, {"version": "v3.19.0"}, {"version": "v3.18.0"}, {"version": "v3.17.0"}, {"version": "v3.16.1"}, {"version": "v3.16.0"}, {"version": "v3.15.2"}, {"version": "v3.15.0"}, {"version": "v3.14.1"}, {"version": "v3.14.0"}, {"version": "v3.13.1"}, {"version": "v3.13.0"}, {"version": "v3.12.0"}, {"version": "v3.11.0"}, {"version": "v3.10.1"}, {"version": "v3.10.0"}, {"version": "v3.9.3"}, {"version": "v3.9.2"}, {"version": "v3.9.1"}, {"version": "v3.9.0"}, {"version": "v3.8.4"}, {"version": "v3.8.0"}, {"version": "v3.7.14"}, {"version": "v3.7.0"}, {"version": "v3.6.16"}, {"version": "v3.6.1"}, {"version": "v3.6.0"}, {"version": "v3.5.0"}, {"version": "v3.4.11"}, {"version": "v3.4.0"}, {"version": "v3.3.25"}, {"version": "v3.3.0"}, {"version": "v3.2.10"}, {"version": "v3.2.0"}]